provincia,incendi_2021,incendi_2022,incendi_2023,incendi_2024,incendi_2025,incendi_2021_2025,ettari_totali,ettari_bosco
"Cosenza",360,319,232,249,393,1553,25207,19573
"Salerno",202,203,200,192,247,1044,8031,6916
"Latina",136,134,122,166,149,707,14636,13443
"Foggia",126,70,117,85,142,540,13481,4855
"Potenza",150,83,87,119,91,530,8094,2851
"Crotone",79,143,53,79,117,471,8139,4136
"Reggio di Calabria",106,67,110,77,98,458,21099,19300
"Avellino",114,73,77,104,78,446,2798,1495
"Lecce",109,92,85,77,83,446,6666,1403
"Catanzaro",136,96,80,62,64,438,8021,7101
"Taranto",96,51,95,69,126,437,5987,3718
"Frosinone",85,93,62,93,95,428,8938,7270
"Matera",88,64,76,73,83,384,8361,2766
"Caserta",115,79,54,60,71,379,10360,8680
"Torino",56,120,76,32,35,319,2333,1544
"Bari",103,33,56,51,55,298,5369,1386
"Vibo Valentia",44,60,40,53,93,290,2740,2014
"Firenze",83,91,40,30,43,287,501,153
"Roma",46,70,22,69,40,247,3994,1773
"Benevento",57,24,32,81,46,240,2997,1228
"Brescia",36,122,22,17,31,228,1470,904
"Perugia",69,76,26,24,26,221,1424,931
"Campobasso",69,37,48,35,28,217,3420,709
"Grosseto",53,65,22,34,42,216,2443,890
"Arezzo",55,60,31,24,42,212,260,114
"Lucca",54,75,32,25,26,212,1350,1115
"Imperia",47,55,48,19,37,206,1565,1486
"La Spezia",37,76,29,28,27,197,457,318
"Cuneo",30,87,48,17,14,196,681,660
"Pisa",47,67,30,16,32,192,855,270
"Rieti",41,59,25,44,18,187,933,777
"Genova",47,71,22,19,27,186,469,381
"Bergamo",28,79,38,18,11,174,231,175
"Siena",31,60,25,33,23,172,797,205
"Como",36,66,34,20,14,170,183,87
"Viterbo",33,67,15,39,9,163,2094,833
"Napoli",33,33,35,23,34,158,2064,1946
"Savona",40,41,35,13,21,150,894,861
"Varese",33,70,30,3,13,149,208,202
"Massa Carrara",19,72,27,9,9,136,428,179
"Terni",26,46,28,16,11,127,771,378
"Barletta-Andria-Trani",30,30,27,19,20,126,6492,1236
"Bologna",30,42,21,9,21,123,417,294
"Pistoia",24,39,17,9,7,96,130,107
"Alessandria",15,40,21,3,16,95,157,116
"Livorno",34,28,16,5,8,91,194,136
"Isernia",32,19,19,10,10,90,1090,488
"Novara",13,49,10,7,9,88,159,105
"Sondrio",8,44,12,10,13,87,114,112
"Teramo",29,9,15,21,11,85,751,344
"Chieti",28,6,13,16,20,83,2518,847
"Forli'-Cesena",27,23,5,8,9,72,128,58
"Lecco",14,26,15,14,2,71,85,81
"Modena",21,31,5,4,8,69,68,39
"Biella",10,32,15,6,6,69,527,302
"L'Aquila",13,18,9,14,14,68,1994,1248
"Ancona",16,5,3,20,20,64,231,43
"Pesaro e Urbino",14,22,9,12,6,63,60,34
"Macerata",30,9,7,9,6,61,130,41
"Belluno",10,18,3,13,15,59,920,885
"Verbano-Cusio-Ossola",7,27,14,2,8,58,1166,997
"Pavia",2,30,15,2,7,56,63,18
"Parma",15,21,11,2,6,55,142,121
"Piacenza",9,25,10,6,5,55,125,115
"Verona",13,23,6,8,4,54,50,41
"Pescara",20,10,7,4,11,52,859,325
"Milano",5,28,9,2,8,52,77,36
"Ascoli Piceno",16,10,9,6,7,48,160,72
"Treviso",8,26,7,1,4,46,14,11
"Rimini",19,14,8,3,1,45,44,24
"Brindisi",12,10,7,6,10,45,323,149
"Vicenza",12,18,7,6,2,45,146,76
"Monza e della Brianza",5,16,12,1,8,42,55,54
"Ravenna",21,11,2,7,0,41,45,26
"Ferrara",12,18,5,1,0,36,3,3
"Vercelli",3,17,9,2,2,33,174,146
"Prato",5,14,2,2,8,31,43,20
"Reggio nell'Emilia",8,13,1,2,0,24,62,11
"Fermo",8,3,2,1,7,21,64,22
"Asti",5,8,3,1,2,19,6,6
"Padova",2,7,3,2,5,19,3,2
"Rovigo",3,1,0,12,1,17,1,0
"Venezia",2,4,1,2,6,15,28,13
"Mantova",1,2,0,0,1,4,8,4
"Cremona",0,2,1,1,0,4,1,1
"Lodi",0,1,0,0,0,1,6,2
