provincia,reati_2021,reati_2022,reati_2023,reati_2024,reati_2025,reati_2021_2025,persone_denunciate,persone_arrestate
"Cosenza",431,372,257,227,333,1620,46,2
"Salerno",250,221,182,203,242,1098,69,6
"Foggia",182,87,164,150,254,837,51,2
"Matera",142,120,143,101,229,735,52,0
"Palermo",101,138,185,96,172,692,16,2
"Messina",487,74,72,32,19,684,12,0
"Potenza",189,135,97,140,120,681,109,2
"Bari",208,127,108,67,161,671,18,1
"Latina",144,128,122,153,116,663,40,6
"Catania",97,130,140,74,97,538,6,0
"Lecce",103,106,79,83,58,429,37,2
"Nuoro",91,111,74,65,84,425,51,1
"Crotone",80,98,75,83,85,421,17,0
"Taranto",108,60,102,69,78,417,32,1
"Avellino",149,74,64,74,48,409,33,2
"Catanzaro",102,90,63,68,30,353,27,1
"Frosinone",97,106,45,50,48,346,22,5
"Sassari",83,50,51,80,81,345,78,4
"Viterbo",61,101,45,70,39,316,34,0
"Perugia",80,91,41,44,35,291,74,1
"Enna",74,79,76,35,11,275,2,3
"Firenze",77,88,38,29,30,262,86,0
"Torino",49,90,59,25,35,258,22,0
"La Spezia",40,65,29,55,36,225,72,0
"Agrigento",64,41,43,38,37,223,3,2
"Grosseto",64,62,29,29,39,223,47,0
"Lucca",49,66,37,35,30,217,59,0
"Caserta",75,36,43,31,31,216,36,4
"Oristano",54,51,31,32,35,203,97,4
"Genova",59,80,19,23,20,201,80,0
"Roma",44,74,20,37,24,199,22,3
"Brescia",32,106,18,14,28,198,22,0
"Cuneo",29,83,47,18,21,198,89,0
"Rieti",45,70,21,34,27,197,62,5
"Reggio Calabria",45,28,25,58,40,196,20,6
"Campobasso",47,30,43,38,36,194,22,0
"Terni",41,59,27,30,25,182,44,1
"Savona",46,64,34,16,22,182,82,1
"Imperia",53,52,32,11,31,179,56,1
"Cagliari",12,31,60,37,36,176,98,11
"Benevento",39,22,35,53,20,169,19,2
"Bergamo",28,67,44,13,10,162,32,0
"Napoli",40,31,31,30,29,161,40,6
"Trapani",56,0,45,27,32,160,7,0
"Pisa",42,56,16,15,31,160,26,1
"Varese",35,69,30,4,15,153,23,0
"Caltanissetta",45,60,18,26,0,149,1,0
"Arezzo",53,18,25,12,41,149,50,0
"L'Aquila",29,30,18,34,29,140,32,0
"Sud Sardegna Carbonia Iglesias + Medio Campidano",53,19,23,17,24,136,66,3
"Isernia",45,21,24,19,13,122,15,1
"Massa Carrara",17,61,26,9,7,120,24,0
"Siena",26,40,10,21,21,118,31,1
"Chieti",43,12,16,24,18,113,17,0
"Como",25,45,27,12,3,112,12,0
"Alessandria",20,46,16,4,23,109,33,0
"Ancona",24,13,5,36,27,105,40,0
"Barletta-Andria-Trani",0,0,36,24,44,104,7,0
"Bologna",20,33,18,6,27,104,24,0
"Trento",16,39,27,13,8,103,24,0
"Livorno",40,30,17,7,7,101,24,0
"Forlì Cesena",39,29,10,16,7,101,38,0
"Udine",11,39,8,14,26,98,11,0
"Siracusa",47,14,14,15,5,95,3,2
"Teramo",27,9,13,30,14,93,11,0
"Vibo Valenzia",16,23,25,19,10,93,5,0
"Lecco",21,28,22,13,9,93,21,0
"Sondrio",14,49,8,6,2,79,13,1
"Pesaro Urbino",20,23,12,17,2,74,22,0
"Rimini",22,25,9,11,0,67,7,0
"Novara",8,42,11,5,1,67,8,0
"Ascoli Piceno",22,13,12,7,12,66,15,0
"Trieste",17,36,6,0,6,65,3,0
"Macerata",23,12,12,10,4,61,31,1
"Pescara",20,9,13,6,11,59,12,1
"Modena",20,27,3,4,5,59,18,0
"Pavia",6,32,13,1,6,58,6,0
"Verbano Cusio Ossola",11,29,9,3,6,58,8,0
"Biella",11,19,16,3,5,54,8,0
"Brindisi",0,11,11,11,16,49,18,0
"Ragusa",22,8,8,8,3,49,1,0
"Piacenza",6,21,10,6,5,48,5,0
"Parma",16,17,6,3,5,47,9,0
"Treviso",5,24,12,1,3,45,9,1
"Verona",2,24,6,8,1,41,3,0
"Pordenone",7,25,4,3,2,41,4,0
"Ravenna",18,9,1,10,2,40,14,0
"Belluno",7,8,4,3,10,32,8,0
"Milano",1,14,5,3,9,32,0,0
"Vercelli",3,16,7,2,3,31,11,0
"Aosta",4,7,6,9,5,31,21,0
"Bolzano",3,12,12,0,3,30,5,1
"Prato",6,12,2,1,6,27,10,0
"Ferrara",8,16,3,0,0,27,0,0
"Vicenza",13,7,4,0,3,27,3,0
"Pistoia",5,8,6,2,3,24,15,0
"Fermo",9,5,1,1,7,23,5,1
"Reggio Emilia",6,11,1,2,3,23,9,0
"Asti",5,6,3,2,4,20,7,0
"Padova",1,4,5,2,4,16,0,0
"Rovigo",2,2,0,11,1,16,0,0
"Venezia",0,1,0,3,4,8,0,0
"Gorizia",0,0,0,8,0,8,0,0
"Mantova",1,4,0,0,0,5,2,0
"Cremona",0,1,1,0,0,2,0,0
"Lodi",0,0,1,0,0,1,1,0
"Monza Brianza",0,0,0,0,1,1,0,0
"Ogliastra",0,0,0,0,0,0,0,0
"Olbia Tempio",0,0,0,0,0,0,0,0
